"record_index","cell_id","raw_class","source_sample","split","cell_dir"
"0","Hela_01_cell_001","HeLa","Hela_01","val","data\raw\res\HeLa\Hela_01_cell_001"
"1","Hela_01_cell_002","HeLa","Hela_01","val","data\raw\res\HeLa\Hela_01_cell_002"
"2","Hela_01_cell_003","HeLa","Hela_01","val","data\raw\res\HeLa\Hela_01_cell_003"
"3","Hela_01_cell_004","HeLa","Hela_01","val","data\raw\res\HeLa\Hela_01_cell_004"
"4","Hela_01_cell_005","HeLa","Hela_01","val","data\raw\res\HeLa\Hela_01_cell_005"
"5","Hela_02_cell_001","HeLa","Hela_02","train","data\raw\res\HeLa\Hela_02_cell_001"
"6","Hela_02_cell_002","HeLa","Hela_02","train","data\raw\res\HeLa\Hela_02_cell_002"
"7","Hela_02_cell_003","HeLa","Hela_02","train","data\raw\res\HeLa\Hela_02_cell_003"
"8","Hela_02_cell_004","HeLa","Hela_02","train","data\raw\res\HeLa\Hela_02_cell_004"
"9","Hela_02_cell_005","HeLa","Hela_02","train","data\raw\res\HeLa\Hela_02_cell_005"
"10","Hela_02_cell_006","HeLa","Hela_02","train","data\raw\res\HeLa\Hela_02_cell_006"
"11","Hela_02_cell_007","HeLa","Hela_02","train","data\raw\res\HeLa\Hela_02_cell_007"
"12","Hela_03_cell_001","HeLa","Hela_03","train","data\raw\res\HeLa\Hela_03_cell_001"
"13","Hela_03_cell_002","HeLa","Hela_03","train","data\raw\res\HeLa\Hela_03_cell_002"
"14","Hela_03_cell_003","HeLa","Hela_03","train","data\raw\res\HeLa\Hela_03_cell_003"
"15","Hela_03_cell_004","HeLa","Hela_03","train","data\raw\res\HeLa\Hela_03_cell_004"
"16","Hela_03_cell_005","HeLa","Hela_03","train","data\raw\res\HeLa\Hela_03_cell_005"
"17","Hela_03_cell_006","HeLa","Hela_03","train","data\raw\res\HeLa\Hela_03_cell_006"
"18","Hela_03_cell_007","HeLa","Hela_03","train","data\raw\res\HeLa\Hela_03_cell_007"
"19","Hela_03_cell_008","HeLa","Hela_03","train","data\raw\res\HeLa\Hela_03_cell_008"
"20","Hela_03_cell_009","HeLa","Hela_03","train","data\raw\res\HeLa\Hela_03_cell_009"
"21","Hela_03_cell_010","HeLa","Hela_03","train","data\raw\res\HeLa\Hela_03_cell_010"
"22","Hela_03_cell_011","HeLa","Hela_03","train","data\raw\res\HeLa\Hela_03_cell_011"
"23","Hela_03_cell_012","HeLa","Hela_03","train","data\raw\res\HeLa\Hela_03_cell_012"
"24","Hela_03_cell_013","HeLa","Hela_03","train","data\raw\res\HeLa\Hela_03_cell_013"
"25","Hela_04_cell_001","HeLa","Hela_04","train","data\raw\res\HeLa\Hela_04_cell_001"
"26","Hela_04_cell_002","HeLa","Hela_04","train","data\raw\res\HeLa\Hela_04_cell_002"
"27","Hela_04_cell_003","HeLa","Hela_04","train","data\raw\res\HeLa\Hela_04_cell_003"
"28","Hela_04_cell_004","HeLa","Hela_04","train","data\raw\res\HeLa\Hela_04_cell_004"
"29","Hela_04_cell_005","HeLa","Hela_04","train","data\raw\res\HeLa\Hela_04_cell_005"
"30","Hela_04_cell_006","HeLa","Hela_04","train","data\raw\res\HeLa\Hela_04_cell_006"
"31","Hela_04_cell_007","HeLa","Hela_04","train","data\raw\res\HeLa\Hela_04_cell_007"
"32","Hela_04_cell_008","HeLa","Hela_04","train","data\raw\res\HeLa\Hela_04_cell_008"
"33","Hela_05_cell_001","HeLa","Hela_05","train","data\raw\res\HeLa\Hela_05_cell_001"
"34","Hela_05_cell_002","HeLa","Hela_05","train","data\raw\res\HeLa\Hela_05_cell_002"
"35","Hela_05_cell_003","HeLa","Hela_05","train","data\raw\res\HeLa\Hela_05_cell_003"
"36","Hela_05_cell_004","HeLa","Hela_05","train","data\raw\res\HeLa\Hela_05_cell_004"
"37","Hela_05_cell_005","HeLa","Hela_05","train","data\raw\res\HeLa\Hela_05_cell_005"
"38","Hela_05_cell_006","HeLa","Hela_05","train","data\raw\res\HeLa\Hela_05_cell_006"
"39","Hela_05_cell_007","HeLa","Hela_05","train","data\raw\res\HeLa\Hela_05_cell_007"
"40","Hela_05_cell_008","HeLa","Hela_05","train","data\raw\res\HeLa\Hela_05_cell_008"
"41","Hela_05_cell_009","HeLa","Hela_05","train","data\raw\res\HeLa\Hela_05_cell_009"
"42","Hela_05_cell_010","HeLa","Hela_05","train","data\raw\res\HeLa\Hela_05_cell_010"
"43","Hela_05_cell_011","HeLa","Hela_05","train","data\raw\res\HeLa\Hela_05_cell_011"
"44","Hela_06_cell_001","HeLa","Hela_06","test","data\raw\res\HeLa\Hela_06_cell_001"
"45","Hela_06_cell_002","HeLa","Hela_06","test","data\raw\res\HeLa\Hela_06_cell_002"
"46","Hela_06_cell_003","HeLa","Hela_06","test","data\raw\res\HeLa\Hela_06_cell_003"
"47","Hela_06_cell_004","HeLa","Hela_06","test","data\raw\res\HeLa\Hela_06_cell_004"
"48","Hela_06_cell_005","HeLa","Hela_06","test","data\raw\res\HeLa\Hela_06_cell_005"
"49","Hela_06_cell_006","HeLa","Hela_06","test","data\raw\res\HeLa\Hela_06_cell_006"
"50","Hela_06_cell_007","HeLa","Hela_06","test","data\raw\res\HeLa\Hela_06_cell_007"
"51","Hela_06_cell_008","HeLa","Hela_06","test","data\raw\res\HeLa\Hela_06_cell_008"
"52","Hela_06_cell_009","HeLa","Hela_06","test","data\raw\res\HeLa\Hela_06_cell_009"
"53","Hela_06_cell_010","HeLa","Hela_06","test","data\raw\res\HeLa\Hela_06_cell_010"
"54","Hela_07_cell_001","HeLa","Hela_07","test","data\raw\res\HeLa\Hela_07_cell_001"
"55","Hela_07_cell_002","HeLa","Hela_07","test","data\raw\res\HeLa\Hela_07_cell_002"
"56","Hela_07_cell_003","HeLa","Hela_07","test","data\raw\res\HeLa\Hela_07_cell_003"
"57","Hela_07_cell_004","HeLa","Hela_07","test","data\raw\res\HeLa\Hela_07_cell_004"
"58","Hela_07_cell_005","HeLa","Hela_07","test","data\raw\res\HeLa\Hela_07_cell_005"
"59","Hela_07_cell_006","HeLa","Hela_07","test","data\raw\res\HeLa\Hela_07_cell_006"
"60","Hela_07_cell_007","HeLa","Hela_07","test","data\raw\res\HeLa\Hela_07_cell_007"
"61","Hela_07_cell_008","HeLa","Hela_07","test","data\raw\res\HeLa\Hela_07_cell_008"
"62","Hela_08_cell_001","HeLa","Hela_08","val","data\raw\res\HeLa\Hela_08_cell_001"
"63","Hela_08_cell_002","HeLa","Hela_08","val","data\raw\res\HeLa\Hela_08_cell_002"
"64","Hela_08_cell_003","HeLa","Hela_08","val","data\raw\res\HeLa\Hela_08_cell_003"
"65","Hela_08_cell_004","HeLa","Hela_08","val","data\raw\res\HeLa\Hela_08_cell_004"
"66","Hela_08_cell_005","HeLa","Hela_08","val","data\raw\res\HeLa\Hela_08_cell_005"
"67","Hela_08_cell_006","HeLa","Hela_08","val","data\raw\res\HeLa\Hela_08_cell_006"
"68","Hela_08_cell_007","HeLa","Hela_08","val","data\raw\res\HeLa\Hela_08_cell_007"
"69","Hela_08_cell_008","HeLa","Hela_08","val","data\raw\res\HeLa\Hela_08_cell_008"
"70","Hela_09_cell_001","HeLa","Hela_09","train","data\raw\res\HeLa\Hela_09_cell_001"
"71","Hela_09_cell_002","HeLa","Hela_09","train","data\raw\res\HeLa\Hela_09_cell_002"
"72","Hela_09_cell_003","HeLa","Hela_09","train","data\raw\res\HeLa\Hela_09_cell_003"
"73","Hela_09_cell_004","HeLa","Hela_09","train","data\raw\res\HeLa\Hela_09_cell_004"
"74","Hela_09_cell_005","HeLa","Hela_09","train","data\raw\res\HeLa\Hela_09_cell_005"
"75","Hela_09_cell_006","HeLa","Hela_09","train","data\raw\res\HeLa\Hela_09_cell_006"
"76","Hela_09_cell_007","HeLa","Hela_09","train","data\raw\res\HeLa\Hela_09_cell_007"
"77","Hela_09_cell_008","HeLa","Hela_09","train","data\raw\res\HeLa\Hela_09_cell_008"
"78","Hela_10_cell_001","HeLa","Hela_10","train","data\raw\res\HeLa\Hela_10_cell_001"
"79","Hela_10_cell_002","HeLa","Hela_10","train","data\raw\res\HeLa\Hela_10_cell_002"
"80","Hela_10_cell_003","HeLa","Hela_10","train","data\raw\res\HeLa\Hela_10_cell_003"
"81","Hela_10_cell_004","HeLa","Hela_10","train","data\raw\res\HeLa\Hela_10_cell_004"
"82","Hela_10_cell_005","HeLa","Hela_10","train","data\raw\res\HeLa\Hela_10_cell_005"
"83","Hela_10_cell_006","HeLa","Hela_10","train","data\raw\res\HeLa\Hela_10_cell_006"
"84","Hela_10_cell_007","HeLa","Hela_10","train","data\raw\res\HeLa\Hela_10_cell_007"
"85","Hela_10_cell_008","HeLa","Hela_10","train","data\raw\res\HeLa\Hela_10_cell_008"
"86","Hela_10_cell_009","HeLa","Hela_10","train","data\raw\res\HeLa\Hela_10_cell_009"
"87","Hela_10_cell_010","HeLa","Hela_10","train","data\raw\res\HeLa\Hela_10_cell_010"
"88","Hela_10_cell_011","HeLa","Hela_10","train","data\raw\res\HeLa\Hela_10_cell_011"
"89","oa_02_cell_001","OA","oa_02","train","data\raw\res\OA\oa_02_cell_001"
"90","oa_02_cell_002","OA","oa_02","train","data\raw\res\OA\oa_02_cell_002"
"91","oa_02_cell_003","OA","oa_02","train","data\raw\res\OA\oa_02_cell_003"
"92","oa_02_cell_004","OA","oa_02","train","data\raw\res\OA\oa_02_cell_004"
"93","oa_02_cell_005","OA","oa_02","train","data\raw\res\OA\oa_02_cell_005"
"94","oa_02_cell_006","OA","oa_02","train","data\raw\res\OA\oa_02_cell_006"
"95","oa_03_cell_001","OA","oa_03","train","data\raw\res\OA\oa_03_cell_001"
"96","oa_03_cell_002","OA","oa_03","train","data\raw\res\OA\oa_03_cell_002"
"97","oa_03_cell_003","OA","oa_03","train","data\raw\res\OA\oa_03_cell_003"
"98","oa_03_cell_004","OA","oa_03","train","data\raw\res\OA\oa_03_cell_004"
"99","oa_03_cell_005","OA","oa_03","train","data\raw\res\OA\oa_03_cell_005"
"100","oa_03_cell_006","OA","oa_03","train","data\raw\res\OA\oa_03_cell_006"
"101","oa_03_cell_007","OA","oa_03","train","data\raw\res\OA\oa_03_cell_007"
"102","oa_03_cell_008","OA","oa_03","train","data\raw\res\OA\oa_03_cell_008"
"103","oa_03_cell_009","OA","oa_03","train","data\raw\res\OA\oa_03_cell_009"
"104","oa_04_cell_001","OA","oa_04","val","data\raw\res\OA\oa_04_cell_001"
"105","oa_04_cell_002","OA","oa_04","val","data\raw\res\OA\oa_04_cell_002"
"106","oa_04_cell_003","OA","oa_04","val","data\raw\res\OA\oa_04_cell_003"
"107","oa_04_cell_004","OA","oa_04","val","data\raw\res\OA\oa_04_cell_004"
"108","oa_05_cell_001","OA","oa_05","train","data\raw\res\OA\oa_05_cell_001"
"109","oa_05_cell_002","OA","oa_05","train","data\raw\res\OA\oa_05_cell_002"
"110","oa_05_cell_003","OA","oa_05","train","data\raw\res\OA\oa_05_cell_003"
"111","oa_05_cell_004","OA","oa_05","train","data\raw\res\OA\oa_05_cell_004"
"112","oa_05_cell_005","OA","oa_05","train","data\raw\res\OA\oa_05_cell_005"
"113","oa_08_cell_001","OA","oa_08","test","data\raw\res\OA\oa_08_cell_001"
"114","oa_08_cell_002","OA","oa_08","test","data\raw\res\OA\oa_08_cell_002"
"115","oa_08_cell_003","OA","oa_08","test","data\raw\res\OA\oa_08_cell_003"
"116","oa_09_cell_001","OA","oa_09","val","data\raw\res\OA\oa_09_cell_001"
"117","oa_09_cell_002","OA","oa_09","val","data\raw\res\OA\oa_09_cell_002"
"118","oa_09_cell_003","OA","oa_09","val","data\raw\res\OA\oa_09_cell_003"
"119","oa_09_cell_004","OA","oa_09","val","data\raw\res\OA\oa_09_cell_004"
"120","oa_09_cell_005","OA","oa_09","val","data\raw\res\OA\oa_09_cell_005"
"121","oa_10_cell_001","OA","oa_10","train","data\raw\res\OA\oa_10_cell_001"
"122","oa_10_cell_002","OA","oa_10","train","data\raw\res\OA\oa_10_cell_002"
"123","oa_10_cell_003","OA","oa_10","train","data\raw\res\OA\oa_10_cell_003"
"124","oa_11_cell_001","OA","oa_11","test","data\raw\res\OA\oa_11_cell_001"
"125","oa_11_cell_002","OA","oa_11","test","data\raw\res\OA\oa_11_cell_002"
"126","oa_11_cell_003","OA","oa_11","test","data\raw\res\OA\oa_11_cell_003"
"127","oa_11_cell_004","OA","oa_11","test","data\raw\res\OA\oa_11_cell_004"
"128","oa_12_cell_001","OA","oa_12","train","data\raw\res\OA\oa_12_cell_001"
"129","oa_12_cell_002","OA","oa_12","train","data\raw\res\OA\oa_12_cell_002"
"130","oa_12_cell_003","OA","oa_12","train","data\raw\res\OA\oa_12_cell_003"
"131","oa_12_cell_004","OA","oa_12","train","data\raw\res\OA\oa_12_cell_004"
"132","oa_12_cell_005","OA","oa_12","train","data\raw\res\OA\oa_12_cell_005"
"133","oa_12_cell_006","OA","oa_12","train","data\raw\res\OA\oa_12_cell_006"
"134","oa_13_cell_001","OA","oa_13","train","data\raw\res\OA\oa_13_cell_001"
"135","oa_13_cell_002","OA","oa_13","train","data\raw\res\OA\oa_13_cell_002"
"136","oa_13_cell_003","OA","oa_13","train","data\raw\res\OA\oa_13_cell_003"
"137","oa_13_cell_004","OA","oa_13","train","data\raw\res\OA\oa_13_cell_004"
"138","oa_13_cell_005","OA","oa_13","train","data\raw\res\OA\oa_13_cell_005"
"139","oa_14_cell_001","OA","oa_14","train","data\raw\res\OA\oa_14_cell_001"
"140","oa_14_cell_002","OA","oa_14","train","data\raw\res\OA\oa_14_cell_002"
"141","oa_14_cell_003","OA","oa_14","train","data\raw\res\OA\oa_14_cell_003"
"142","oa_14_cell_004","OA","oa_14","train","data\raw\res\OA\oa_14_cell_004"
"143","oa_14_cell_005","OA","oa_14","train","data\raw\res\OA\oa_14_cell_005"
"144","oa_14_cell_006","OA","oa_14","train","data\raw\res\OA\oa_14_cell_006"
"145","oa_15_cell_001","OA","oa_15","train","data\raw\res\OA\oa_15_cell_001"
"146","oa_15_cell_002","OA","oa_15","train","data\raw\res\OA\oa_15_cell_002"
"147","oa_15_cell_003","OA","oa_15","train","data\raw\res\OA\oa_15_cell_003"
"148","oa_15_cell_004","OA","oa_15","train","data\raw\res\OA\oa_15_cell_004"
"149","oa_15_cell_005","OA","oa_15","train","data\raw\res\OA\oa_15_cell_005"
"150","oa_15_cell_006","OA","oa_15","train","data\raw\res\OA\oa_15_cell_006"
"151","oa_16_cell_001","OA","oa_16","train","data\raw\res\OA\oa_16_cell_001"
"152","oa_16_cell_002","OA","oa_16","train","data\raw\res\OA\oa_16_cell_002"
"153","oa_16_cell_003","OA","oa_16","train","data\raw\res\OA\oa_16_cell_003"
"154","oa_16_cell_004","OA","oa_16","train","data\raw\res\OA\oa_16_cell_004"
"155","oa_16_cell_005","OA","oa_16","train","data\raw\res\OA\oa_16_cell_005"
"156","oa_16_cell_006","OA","oa_16","train","data\raw\res\OA\oa_16_cell_006"
"157","oa_16_cell_007","OA","oa_16","train","data\raw\res\OA\oa_16_cell_007"
"158","oa_16_cell_008","OA","oa_16","train","data\raw\res\OA\oa_16_cell_008"
"159","oa_17_cell_001","OA","oa_17","val","data\raw\res\OA\oa_17_cell_001"
"160","oa_17_cell_002","OA","oa_17","val","data\raw\res\OA\oa_17_cell_002"
"161","oa_17_cell_003","OA","oa_17","val","data\raw\res\OA\oa_17_cell_003"
"162","oa_17_cell_004","OA","oa_17","val","data\raw\res\OA\oa_17_cell_004"
"163","oa_17_cell_005","OA","oa_17","val","data\raw\res\OA\oa_17_cell_005"
"164","oa_17_cell_006","OA","oa_17","val","data\raw\res\OA\oa_17_cell_006"
"165","oa_17_cell_007","OA","oa_17","val","data\raw\res\OA\oa_17_cell_007"
"166","oa_17_cell_008","OA","oa_17","val","data\raw\res\OA\oa_17_cell_008"
"167","oa_17_cell_009","OA","oa_17","val","data\raw\res\OA\oa_17_cell_009"
"168","oa_19_cell_001","OA","oa_19","train","data\raw\res\OA\oa_19_cell_001"
"169","oa_19_cell_002","OA","oa_19","train","data\raw\res\OA\oa_19_cell_002"
"170","oa_19_cell_003","OA","oa_19","train","data\raw\res\OA\oa_19_cell_003"
"171","oa_19_cell_004","OA","oa_19","train","data\raw\res\OA\oa_19_cell_004"
"172","oa_19_cell_005","OA","oa_19","train","data\raw\res\OA\oa_19_cell_005"
"173","oa_19_cell_006","OA","oa_19","train","data\raw\res\OA\oa_19_cell_006"
"174","oa_19_cell_007","OA","oa_19","train","data\raw\res\OA\oa_19_cell_007"
"175","oa_19_cell_008","OA","oa_19","train","data\raw\res\OA\oa_19_cell_008"
"176","oa_20_cell_001","OA","oa_20","train","data\raw\res\OA\oa_20_cell_001"
"177","oa_20_cell_002","OA","oa_20","train","data\raw\res\OA\oa_20_cell_002"
"178","oa_20_cell_003","OA","oa_20","train","data\raw\res\OA\oa_20_cell_003"
"179","oa_20_cell_004","OA","oa_20","train","data\raw\res\OA\oa_20_cell_004"
"180","oa_20_cell_005","OA","oa_20","train","data\raw\res\OA\oa_20_cell_005"
"181","oa_20_cell_006","OA","oa_20","train","data\raw\res\OA\oa_20_cell_006"
"182","oa_21_cell_001","OA","oa_21","test","data\raw\res\OA\oa_21_cell_001"
"183","oa_21_cell_003","OA","oa_21","test","data\raw\res\OA\oa_21_cell_003"
"184","oa_21_cell_004","OA","oa_21","test","data\raw\res\OA\oa_21_cell_004"
"185","oa_21_cell_005","OA","oa_21","test","data\raw\res\OA\oa_21_cell_005"
"186","oa_21_cell_006","OA","oa_21","test","data\raw\res\OA\oa_21_cell_006"
"187","oa_21_cell_007","OA","oa_21","test","data\raw\res\OA\oa_21_cell_007"
"188","oa_21_cell_008","OA","oa_21","test","data\raw\res\OA\oa_21_cell_008"
"189","HepG2_01_cell_001","HepG2","HepG2_01","train","data\raw\res\HepG2\HepG2_01_cell_001"
"190","HepG2_01_cell_002","HepG2","HepG2_01","train","data\raw\res\HepG2\HepG2_01_cell_002"
"191","HepG2_01_cell_003","HepG2","HepG2_01","train","data\raw\res\HepG2\HepG2_01_cell_003"
"192","HepG2_01_cell_004","HepG2","HepG2_01","train","data\raw\res\HepG2\HepG2_01_cell_004"
"193","HepG2_01_cell_005","HepG2","HepG2_01","train","data\raw\res\HepG2\HepG2_01_cell_005"
"194","HepG2_01_cell_006","HepG2","HepG2_01","train","data\raw\res\HepG2\HepG2_01_cell_006"
"195","HepG2_01_cell_007","HepG2","HepG2_01","train","data\raw\res\HepG2\HepG2_01_cell_007"
"196","HepG2_01_cell_008","HepG2","HepG2_01","train","data\raw\res\HepG2\HepG2_01_cell_008"
"197","HepG2_01_cell_009","HepG2","HepG2_01","train","data\raw\res\HepG2\HepG2_01_cell_009"
"198","HepG2_02_cell_001","HepG2","HepG2_02","val","data\raw\res\HepG2\HepG2_02_cell_001"
"199","HepG2_02_cell_002","HepG2","HepG2_02","val","data\raw\res\HepG2\HepG2_02_cell_002"
"200","HepG2_02_cell_003","HepG2","HepG2_02","val","data\raw\res\HepG2\HepG2_02_cell_003"
"201","HepG2_02_cell_004","HepG2","HepG2_02","val","data\raw\res\HepG2\HepG2_02_cell_004"
"202","HepG2_02_cell_005","HepG2","HepG2_02","val","data\raw\res\HepG2\HepG2_02_cell_005"
"203","HepG2_02_cell_006","HepG2","HepG2_02","val","data\raw\res\HepG2\HepG2_02_cell_006"
"204","HepG2_02_cell_007","HepG2","HepG2_02","val","data\raw\res\HepG2\HepG2_02_cell_007"
"205","HepG2_02_cell_008","HepG2","HepG2_02","val","data\raw\res\HepG2\HepG2_02_cell_008"
"206","HepG2_03_cell_001","HepG2","HepG2_03","train","data\raw\res\HepG2\HepG2_03_cell_001"
"207","HepG2_03_cell_002","HepG2","HepG2_03","train","data\raw\res\HepG2\HepG2_03_cell_002"
"208","HepG2_03_cell_003","HepG2","HepG2_03","train","data\raw\res\HepG2\HepG2_03_cell_003"
"209","HepG2_03_cell_004","HepG2","HepG2_03","train","data\raw\res\HepG2\HepG2_03_cell_004"
"210","HepG2_04_cell_001","HepG2","HepG2_04","train","data\raw\res\HepG2\HepG2_04_cell_001"
"211","HepG2_04_cell_002","HepG2","HepG2_04","train","data\raw\res\HepG2\HepG2_04_cell_002"
"212","HepG2_05_cell_001","HepG2","HepG2_05","val","data\raw\res\HepG2\HepG2_05_cell_001"
"213","HepG2_05_cell_002","HepG2","HepG2_05","val","data\raw\res\HepG2\HepG2_05_cell_002"
"214","HepG2_05_cell_003","HepG2","HepG2_05","val","data\raw\res\HepG2\HepG2_05_cell_003"
"215","HepG2_05_cell_004","HepG2","HepG2_05","val","data\raw\res\HepG2\HepG2_05_cell_004"
"216","HepG2_06_cell_001","HepG2","HepG2_06","train","data\raw\res\HepG2\HepG2_06_cell_001"
"217","HepG2_06_cell_002","HepG2","HepG2_06","train","data\raw\res\HepG2\HepG2_06_cell_002"
"218","HepG2_06_cell_003","HepG2","HepG2_06","train","data\raw\res\HepG2\HepG2_06_cell_003"
"219","HepG2_06_cell_004","HepG2","HepG2_06","train","data\raw\res\HepG2\HepG2_06_cell_004"
"220","HepG2_06_cell_005","HepG2","HepG2_06","train","data\raw\res\HepG2\HepG2_06_cell_005"
"221","HepG2_07_cell_001","HepG2","HepG2_07","test","data\raw\res\HepG2\HepG2_07_cell_001"
"222","HepG2_07_cell_002","HepG2","HepG2_07","test","data\raw\res\HepG2\HepG2_07_cell_002"
"223","HepG2_07_cell_003","HepG2","HepG2_07","test","data\raw\res\HepG2\HepG2_07_cell_003"
"224","HepG2_07_cell_004","HepG2","HepG2_07","test","data\raw\res\HepG2\HepG2_07_cell_004"
"225","HepG2_07_cell_005","HepG2","HepG2_07","test","data\raw\res\HepG2\HepG2_07_cell_005"
"226","HepG2_08_cell_002","HepG2","HepG2_08","train","data\raw\res\HepG2\HepG2_08_cell_002"
"227","HepG2_08_cell_003","HepG2","HepG2_08","train","data\raw\res\HepG2\HepG2_08_cell_003"
"228","HepG2_08_cell_004","HepG2","HepG2_08","train","data\raw\res\HepG2\HepG2_08_cell_004"
"229","HepG2_08_cell_005","HepG2","HepG2_08","train","data\raw\res\HepG2\HepG2_08_cell_005"
"230","HepG2_09_cell_001","HepG2","HepG2_09","val","data\raw\res\HepG2\HepG2_09_cell_001"
"231","HepG2_09_cell_002","HepG2","HepG2_09","val","data\raw\res\HepG2\HepG2_09_cell_002"
"232","HepG2_09_cell_003","HepG2","HepG2_09","val","data\raw\res\HepG2\HepG2_09_cell_003"
"233","HepG2_09_cell_004","HepG2","HepG2_09","val","data\raw\res\HepG2\HepG2_09_cell_004"
"234","HepG2_09_cell_005","HepG2","HepG2_09","val","data\raw\res\HepG2\HepG2_09_cell_005"
"235","HepG2_09_cell_006","HepG2","HepG2_09","val","data\raw\res\HepG2\HepG2_09_cell_006"
"236","HepG2_09_cell_007","HepG2","HepG2_09","val","data\raw\res\HepG2\HepG2_09_cell_007"
"237","HepG2_09_cell_008","HepG2","HepG2_09","val","data\raw\res\HepG2\HepG2_09_cell_008"
"238","HepG2_10_cell_001","HepG2","HepG2_10","train","data\raw\res\HepG2\HepG2_10_cell_001"
"239","HepG2_10_cell_002","HepG2","HepG2_10","train","data\raw\res\HepG2\HepG2_10_cell_002"
"240","HepG2_10_cell_003","HepG2","HepG2_10","train","data\raw\res\HepG2\HepG2_10_cell_003"
"241","HepG2_10_cell_004","HepG2","HepG2_10","train","data\raw\res\HepG2\HepG2_10_cell_004"
"242","HepG2_10_cell_005","HepG2","HepG2_10","train","data\raw\res\HepG2\HepG2_10_cell_005"
"243","HepG2_10_cell_006","HepG2","HepG2_10","train","data\raw\res\HepG2\HepG2_10_cell_006"
"244","HepG2_11_cell_001","HepG2","HepG2_11","test","data\raw\res\HepG2\HepG2_11_cell_001"
"245","HepG2_11_cell_002","HepG2","HepG2_11","test","data\raw\res\HepG2\HepG2_11_cell_002"
"246","HepG2_11_cell_003","HepG2","HepG2_11","test","data\raw\res\HepG2\HepG2_11_cell_003"
"247","HepG2_12_cell_001","HepG2","HepG2_12","test","data\raw\res\HepG2\HepG2_12_cell_001"
"248","HepG2_12_cell_002","HepG2","HepG2_12","test","data\raw\res\HepG2\HepG2_12_cell_002"
"249","HepG2_12_cell_003","HepG2","HepG2_12","test","data\raw\res\HepG2\HepG2_12_cell_003"
"250","HepG2_12_cell_004","HepG2","HepG2_12","test","data\raw\res\HepG2\HepG2_12_cell_004"
"251","HepG2_12_cell_005","HepG2","HepG2_12","test","data\raw\res\HepG2\HepG2_12_cell_005"
"252","HepG2_12_cell_006","HepG2","HepG2_12","test","data\raw\res\HepG2\HepG2_12_cell_006"
"253","HepG2_12_cell_007","HepG2","HepG2_12","test","data\raw\res\HepG2\HepG2_12_cell_007"
"254","HepG2_13_cell_001","HepG2","HepG2_13","train","data\raw\res\HepG2\HepG2_13_cell_001"
"255","HepG2_13_cell_002","HepG2","HepG2_13","train","data\raw\res\HepG2\HepG2_13_cell_002"
"256","HepG2_13_cell_003","HepG2","HepG2_13","train","data\raw\res\HepG2\HepG2_13_cell_003"
"257","HepG2_13_cell_004","HepG2","HepG2_13","train","data\raw\res\HepG2\HepG2_13_cell_004"
"258","HepG2_13_cell_005","HepG2","HepG2_13","train","data\raw\res\HepG2\HepG2_13_cell_005"
"259","HepG2_14_cell_001","HepG2","HepG2_14","val","data\raw\res\HepG2\HepG2_14_cell_001"
"260","HepG2_14_cell_002","HepG2","HepG2_14","val","data\raw\res\HepG2\HepG2_14_cell_002"
"261","HepG2_14_cell_003","HepG2","HepG2_14","val","data\raw\res\HepG2\HepG2_14_cell_003"
"262","HepG2_14_cell_004","HepG2","HepG2_14","val","data\raw\res\HepG2\HepG2_14_cell_004"
"263","HepG2_14_cell_005","HepG2","HepG2_14","val","data\raw\res\HepG2\HepG2_14_cell_005"
"264","HepG2_15_cell_001","HepG2","HepG2_15","train","data\raw\res\HepG2\HepG2_15_cell_001"
"265","HepG2_15_cell_002","HepG2","HepG2_15","train","data\raw\res\HepG2\HepG2_15_cell_002"
"266","HepG2_15_cell_003","HepG2","HepG2_15","train","data\raw\res\HepG2\HepG2_15_cell_003"
"267","HepG2_15_cell_004","HepG2","HepG2_15","train","data\raw\res\HepG2\HepG2_15_cell_004"
"268","HepG2_15_cell_005","HepG2","HepG2_15","train","data\raw\res\HepG2\HepG2_15_cell_005"
"269","HepG2_16_cell_001","HepG2","HepG2_16","train","data\raw\res\HepG2\HepG2_16_cell_001"
"270","HepG2_16_cell_002","HepG2","HepG2_16","train","data\raw\res\HepG2\HepG2_16_cell_002"
"271","HepG2_16_cell_003","HepG2","HepG2_16","train","data\raw\res\HepG2\HepG2_16_cell_003"
"272","HepG2_16_cell_004","HepG2","HepG2_16","train","data\raw\res\HepG2\HepG2_16_cell_004"
"273","HepG2_16_cell_005","HepG2","HepG2_16","train","data\raw\res\HepG2\HepG2_16_cell_005"
"274","HepG2_16_cell_006","HepG2","HepG2_16","train","data\raw\res\HepG2\HepG2_16_cell_006"
"275","HepG2_16_cell_007","HepG2","HepG2_16","train","data\raw\res\HepG2\HepG2_16_cell_007"
"276","HepG2_16_cell_008","HepG2","HepG2_16","train","data\raw\res\HepG2\HepG2_16_cell_008"
"277","HepG2_16_cell_009","HepG2","HepG2_16","train","data\raw\res\HepG2\HepG2_16_cell_009"
"278","HepG2_17_cell_001","HepG2","HepG2_17","train","data\raw\res\HepG2\HepG2_17_cell_001"
"279","HepG2_17_cell_002","HepG2","HepG2_17","train","data\raw\res\HepG2\HepG2_17_cell_002"
"280","HepG2_17_cell_003","HepG2","HepG2_17","train","data\raw\res\HepG2\HepG2_17_cell_003"
"281","HepG2_17_cell_004","HepG2","HepG2_17","train","data\raw\res\HepG2\HepG2_17_cell_004"
"282","HepG2_17_cell_005","HepG2","HepG2_17","train","data\raw\res\HepG2\HepG2_17_cell_005"
"283","HepG2_17_cell_006","HepG2","HepG2_17","train","data\raw\res\HepG2\HepG2_17_cell_006"
"284","HepG2_17_cell_007","HepG2","HepG2_17","train","data\raw\res\HepG2\HepG2_17_cell_007"
"285","HepG2_18_cell_001","HepG2","HepG2_18","train","data\raw\res\HepG2\HepG2_18_cell_001"
"286","HepG2_18_cell_002","HepG2","HepG2_18","train","data\raw\res\HepG2\HepG2_18_cell_002"
"287","HepG2_18_cell_003","HepG2","HepG2_18","train","data\raw\res\HepG2\HepG2_18_cell_003"
"288","HepG2_18_cell_004","HepG2","HepG2_18","train","data\raw\res\HepG2\HepG2_18_cell_004"
"289","HepG2_19_cell_001","HepG2","HepG2_19","train","data\raw\res\HepG2\HepG2_19_cell_001"
"290","HepG2_19_cell_002","HepG2","HepG2_19","train","data\raw\res\HepG2\HepG2_19_cell_002"
"291","HepG2_19_cell_003","HepG2","HepG2_19","train","data\raw\res\HepG2\HepG2_19_cell_003"
"292","HepG2_19_cell_004","HepG2","HepG2_19","train","data\raw\res\HepG2\HepG2_19_cell_004"
"293","HepG2_19_cell_005","HepG2","HepG2_19","train","data\raw\res\HepG2\HepG2_19_cell_005"
"294","HepG2_19_cell_006","HepG2","HepG2_19","train","data\raw\res\HepG2\HepG2_19_cell_006"
"295","HepG2_20_cell_001","HepG2","HepG2_20","test","data\raw\res\HepG2\HepG2_20_cell_001"
"296","HepG2_20_cell_002","HepG2","HepG2_20","test","data\raw\res\HepG2\HepG2_20_cell_002"
"297","HepG2_20_cell_003","HepG2","HepG2_20","test","data\raw\res\HepG2\HepG2_20_cell_003"
"298","HepG2_20_cell_004","HepG2","HepG2_20","test","data\raw\res\HepG2\HepG2_20_cell_004"
"299","HepG2_20_cell_005","HepG2","HepG2_20","test","data\raw\res\HepG2\HepG2_20_cell_005"
"300","HepG2_20_cell_006","HepG2","HepG2_20","test","data\raw\res\HepG2\HepG2_20_cell_006"
"301","2DG01_cell_001","2DG","2DG01","test","data\raw\res\2DG\2DG01_cell_001"
"302","2DG01_cell_002","2DG","2DG01","test","data\raw\res\2DG\2DG01_cell_002"
"303","2DG01_cell_003","2DG","2DG01","test","data\raw\res\2DG\2DG01_cell_003"
"304","2DG01_cell_004","2DG","2DG01","test","data\raw\res\2DG\2DG01_cell_004"
"305","2DG01_cell_005","2DG","2DG01","test","data\raw\res\2DG\2DG01_cell_005"
"306","2DG01_cell_006","2DG","2DG01","test","data\raw\res\2DG\2DG01_cell_006"
"307","2DG01_cell_007","2DG","2DG01","test","data\raw\res\2DG\2DG01_cell_007"
"308","2DG01_cell_008","2DG","2DG01","test","data\raw\res\2DG\2DG01_cell_008"
"309","2DG01_cell_009","2DG","2DG01","test","data\raw\res\2DG\2DG01_cell_009"
"310","2DG02_cell_001","2DG","2DG02","train","data\raw\res\2DG\2DG02_cell_001"
"311","2DG02_cell_002","2DG","2DG02","train","data\raw\res\2DG\2DG02_cell_002"
"312","2DG02_cell_003","2DG","2DG02","train","data\raw\res\2DG\2DG02_cell_003"
"313","2DG02_cell_004","2DG","2DG02","train","data\raw\res\2DG\2DG02_cell_004"
"314","2DG02_cell_005","2DG","2DG02","train","data\raw\res\2DG\2DG02_cell_005"
"315","2DG02_cell_006","2DG","2DG02","train","data\raw\res\2DG\2DG02_cell_006"
"316","2DG02_cell_007","2DG","2DG02","train","data\raw\res\2DG\2DG02_cell_007"
"317","2DG02_cell_008","2DG","2DG02","train","data\raw\res\2DG\2DG02_cell_008"
"318","2DG02_cell_009","2DG","2DG02","train","data\raw\res\2DG\2DG02_cell_009"
"319","2DG02_cell_010","2DG","2DG02","train","data\raw\res\2DG\2DG02_cell_010"
"320","2DG02_cell_011","2DG","2DG02","train","data\raw\res\2DG\2DG02_cell_011"
"321","2DG02_cell_012","2DG","2DG02","train","data\raw\res\2DG\2DG02_cell_012"
"322","2DG02_cell_013","2DG","2DG02","train","data\raw\res\2DG\2DG02_cell_013"
"323","2DG02_cell_014","2DG","2DG02","train","data\raw\res\2DG\2DG02_cell_014"
"324","2DG02_cell_015","2DG","2DG02","train","data\raw\res\2DG\2DG02_cell_015"
"325","2DG02_cell_016","2DG","2DG02","train","data\raw\res\2DG\2DG02_cell_016"
"326","2DG02_cell_017","2DG","2DG02","train","data\raw\res\2DG\2DG02_cell_017"
"327","2DG02_cell_018","2DG","2DG02","train","data\raw\res\2DG\2DG02_cell_018"
"328","2DG02_cell_019","2DG","2DG02","train","data\raw\res\2DG\2DG02_cell_019"
"329","2DG02_cell_020","2DG","2DG02","train","data\raw\res\2DG\2DG02_cell_020"
"330","2DG02_cell_021","2DG","2DG02","train","data\raw\res\2DG\2DG02_cell_021"
"331","2DG02_cell_022","2DG","2DG02","train","data\raw\res\2DG\2DG02_cell_022"
"332","2DG02_cell_023","2DG","2DG02","train","data\raw\res\2DG\2DG02_cell_023"
"333","2DG02_cell_024","2DG","2DG02","train","data\raw\res\2DG\2DG02_cell_024"
"334","2DG02_cell_025","2DG","2DG02","train","data\raw\res\2DG\2DG02_cell_025"
"335","2DG02_cell_026","2DG","2DG02","train","data\raw\res\2DG\2DG02_cell_026"
"336","2DG02_cell_027","2DG","2DG02","train","data\raw\res\2DG\2DG02_cell_027"
"337","2DG02_cell_028","2DG","2DG02","train","data\raw\res\2DG\2DG02_cell_028"
"338","2DG02_cell_029","2DG","2DG02","train","data\raw\res\2DG\2DG02_cell_029"
"339","2DG03_cell_001","2DG","2DG03","train","data\raw\res\2DG\2DG03_cell_001"
"340","2DG03_cell_002","2DG","2DG03","train","data\raw\res\2DG\2DG03_cell_002"
"341","2DG03_cell_003","2DG","2DG03","train","data\raw\res\2DG\2DG03_cell_003"
"342","2DG03_cell_004","2DG","2DG03","train","data\raw\res\2DG\2DG03_cell_004"
"343","2DG03_cell_005","2DG","2DG03","train","data\raw\res\2DG\2DG03_cell_005"
"344","2DG03_cell_006","2DG","2DG03","train","data\raw\res\2DG\2DG03_cell_006"
"345","2DG03_cell_007","2DG","2DG03","train","data\raw\res\2DG\2DG03_cell_007"
"346","2DG03_cell_008","2DG","2DG03","train","data\raw\res\2DG\2DG03_cell_008"
"347","2DG03_cell_009","2DG","2DG03","train","data\raw\res\2DG\2DG03_cell_009"
"348","2DG03_cell_010","2DG","2DG03","train","data\raw\res\2DG\2DG03_cell_010"
"349","2DG03_cell_011","2DG","2DG03","train","data\raw\res\2DG\2DG03_cell_011"
"350","2DG03_cell_012","2DG","2DG03","train","data\raw\res\2DG\2DG03_cell_012"
"351","2DG03_cell_013","2DG","2DG03","train","data\raw\res\2DG\2DG03_cell_013"
"352","2DG03_cell_014","2DG","2DG03","train","data\raw\res\2DG\2DG03_cell_014"
"353","2DG03_cell_015","2DG","2DG03","train","data\raw\res\2DG\2DG03_cell_015"
"354","2DG03_cell_016","2DG","2DG03","train","data\raw\res\2DG\2DG03_cell_016"
"355","2DG03_cell_017","2DG","2DG03","train","data\raw\res\2DG\2DG03_cell_017"
"356","2DG03_cell_018","2DG","2DG03","train","data\raw\res\2DG\2DG03_cell_018"
"357","2DG03_cell_019","2DG","2DG03","train","data\raw\res\2DG\2DG03_cell_019"
"358","2DG03_cell_020","2DG","2DG03","train","data\raw\res\2DG\2DG03_cell_020"
"359","2DG03_cell_021","2DG","2DG03","train","data\raw\res\2DG\2DG03_cell_021"
"360","2DG03_cell_022","2DG","2DG03","train","data\raw\res\2DG\2DG03_cell_022"
"361","2DG03_cell_023","2DG","2DG03","train","data\raw\res\2DG\2DG03_cell_023"
"362","2DG03_cell_024","2DG","2DG03","train","data\raw\res\2DG\2DG03_cell_024"
"363","2DG03_cell_025","2DG","2DG03","train","data\raw\res\2DG\2DG03_cell_025"
"364","2DG03_cell_026","2DG","2DG03","train","data\raw\res\2DG\2DG03_cell_026"
"365","2DG04_cell_001","2DG","2DG04","train","data\raw\res\2DG\2DG04_cell_001"
"366","2DG04_cell_002","2DG","2DG04","train","data\raw\res\2DG\2DG04_cell_002"
"367","2DG04_cell_003","2DG","2DG04","train","data\raw\res\2DG\2DG04_cell_003"
"368","2DG04_cell_004","2DG","2DG04","train","data\raw\res\2DG\2DG04_cell_004"
"369","2DG04_cell_005","2DG","2DG04","train","data\raw\res\2DG\2DG04_cell_005"
"370","2DG04_cell_006","2DG","2DG04","train","data\raw\res\2DG\2DG04_cell_006"
"371","2DG04_cell_007","2DG","2DG04","train","data\raw\res\2DG\2DG04_cell_007"
"372","2DG04_cell_008","2DG","2DG04","train","data\raw\res\2DG\2DG04_cell_008"
"373","2DG04_cell_009","2DG","2DG04","train","data\raw\res\2DG\2DG04_cell_009"
"374","2DG04_cell_010","2DG","2DG04","train","data\raw\res\2DG\2DG04_cell_010"
"375","2DG05_cell_001","2DG","2DG05","train","data\raw\res\2DG\2DG05_cell_001"
"376","2DG05_cell_002","2DG","2DG05","train","data\raw\res\2DG\2DG05_cell_002"
"377","2DG05_cell_003","2DG","2DG05","train","data\raw\res\2DG\2DG05_cell_003"
"378","2DG05_cell_004","2DG","2DG05","train","data\raw\res\2DG\2DG05_cell_004"
"379","2DG05_cell_005","2DG","2DG05","train","data\raw\res\2DG\2DG05_cell_005"
"380","2DG05_cell_006","2DG","2DG05","train","data\raw\res\2DG\2DG05_cell_006"
"381","2DG05_cell_007","2DG","2DG05","train","data\raw\res\2DG\2DG05_cell_007"
"382","2DG05_cell_008","2DG","2DG05","train","data\raw\res\2DG\2DG05_cell_008"
"383","2DG05_cell_009","2DG","2DG05","train","data\raw\res\2DG\2DG05_cell_009"
"384","2DG05_cell_010","2DG","2DG05","train","data\raw\res\2DG\2DG05_cell_010"
"385","2DG05_cell_011","2DG","2DG05","train","data\raw\res\2DG\2DG05_cell_011"
"386","2DG05_cell_012","2DG","2DG05","train","data\raw\res\2DG\2DG05_cell_012"
"387","2DG05_cell_013","2DG","2DG05","train","data\raw\res\2DG\2DG05_cell_013"
"388","2DG05_cell_014","2DG","2DG05","train","data\raw\res\2DG\2DG05_cell_014"
"389","2DG05_cell_015","2DG","2DG05","train","data\raw\res\2DG\2DG05_cell_015"
"390","2DG05_cell_016","2DG","2DG05","train","data\raw\res\2DG\2DG05_cell_016"
"391","2DG05_cell_017","2DG","2DG05","train","data\raw\res\2DG\2DG05_cell_017"
"392","2DG05_cell_018","2DG","2DG05","train","data\raw\res\2DG\2DG05_cell_018"
"393","2DG05_cell_019","2DG","2DG05","train","data\raw\res\2DG\2DG05_cell_019"
"394","2DG05_cell_020","2DG","2DG05","train","data\raw\res\2DG\2DG05_cell_020"
"395","2DG06_cell_001","2DG","2DG06","test","data\raw\res\2DG\2DG06_cell_001"
"396","2DG06_cell_002","2DG","2DG06","test","data\raw\res\2DG\2DG06_cell_002"
"397","2DG06_cell_003","2DG","2DG06","test","data\raw\res\2DG\2DG06_cell_003"
"398","2DG06_cell_004","2DG","2DG06","test","data\raw\res\2DG\2DG06_cell_004"
"399","2DG06_cell_005","2DG","2DG06","test","data\raw\res\2DG\2DG06_cell_005"
"400","2DG06_cell_006","2DG","2DG06","test","data\raw\res\2DG\2DG06_cell_006"
"401","2DG06_cell_007","2DG","2DG06","test","data\raw\res\2DG\2DG06_cell_007"
"402","2DG06_cell_008","2DG","2DG06","test","data\raw\res\2DG\2DG06_cell_008"
"403","2DG06_cell_009","2DG","2DG06","test","data\raw\res\2DG\2DG06_cell_009"
"404","2DG06_cell_010","2DG","2DG06","test","data\raw\res\2DG\2DG06_cell_010"
"405","2DG06_cell_011","2DG","2DG06","test","data\raw\res\2DG\2DG06_cell_011"
"406","2DG06_cell_012","2DG","2DG06","test","data\raw\res\2DG\2DG06_cell_012"
"407","2DG06_cell_013","2DG","2DG06","test","data\raw\res\2DG\2DG06_cell_013"
"408","2DG06_cell_014","2DG","2DG06","test","data\raw\res\2DG\2DG06_cell_014"
"409","2DG06_cell_015","2DG","2DG06","test","data\raw\res\2DG\2DG06_cell_015"
"410","2DG06_cell_016","2DG","2DG06","test","data\raw\res\2DG\2DG06_cell_016"
"411","2DG06_cell_017","2DG","2DG06","test","data\raw\res\2DG\2DG06_cell_017"
"412","2DG07_cell_001","2DG","2DG07","train","data\raw\res\2DG\2DG07_cell_001"
"413","2DG07_cell_002","2DG","2DG07","train","data\raw\res\2DG\2DG07_cell_002"
"414","2DG07_cell_003","2DG","2DG07","train","data\raw\res\2DG\2DG07_cell_003"
"415","2DG07_cell_004","2DG","2DG07","train","data\raw\res\2DG\2DG07_cell_004"
"416","2DG07_cell_005","2DG","2DG07","train","data\raw\res\2DG\2DG07_cell_005"
"417","2DG07_cell_006","2DG","2DG07","train","data\raw\res\2DG\2DG07_cell_006"
"418","2DG07_cell_007","2DG","2DG07","train","data\raw\res\2DG\2DG07_cell_007"
"419","2DG07_cell_008","2DG","2DG07","train","data\raw\res\2DG\2DG07_cell_008"
"420","2DG07_cell_009","2DG","2DG07","train","data\raw\res\2DG\2DG07_cell_009"
"421","2DG07_cell_010","2DG","2DG07","train","data\raw\res\2DG\2DG07_cell_010"
"422","2DG07_cell_011","2DG","2DG07","train","data\raw\res\2DG\2DG07_cell_011"
"423","2DG07_cell_012","2DG","2DG07","train","data\raw\res\2DG\2DG07_cell_012"
"424","2DG07_cell_013","2DG","2DG07","train","data\raw\res\2DG\2DG07_cell_013"
"425","2DG07_cell_014","2DG","2DG07","train","data\raw\res\2DG\2DG07_cell_014"
"426","2DG07_cell_015","2DG","2DG07","train","data\raw\res\2DG\2DG07_cell_015"
"427","2DG07_cell_016","2DG","2DG07","train","data\raw\res\2DG\2DG07_cell_016"
"428","2DG07_cell_017","2DG","2DG07","train","data\raw\res\2DG\2DG07_cell_017"
"429","2DG07_cell_018","2DG","2DG07","train","data\raw\res\2DG\2DG07_cell_018"
"430","2DG07_cell_019","2DG","2DG07","train","data\raw\res\2DG\2DG07_cell_019"
"431","2DG07_cell_020","2DG","2DG07","train","data\raw\res\2DG\2DG07_cell_020"
"432","2DG07_cell_021","2DG","2DG07","train","data\raw\res\2DG\2DG07_cell_021"
"433","2DG07_cell_022","2DG","2DG07","train","data\raw\res\2DG\2DG07_cell_022"
"434","2DG08_cell_001","2DG","2DG08","train","data\raw\res\2DG\2DG08_cell_001"
"435","2DG08_cell_002","2DG","2DG08","train","data\raw\res\2DG\2DG08_cell_002"
"436","2DG08_cell_003","2DG","2DG08","train","data\raw\res\2DG\2DG08_cell_003"
"437","2DG08_cell_004","2DG","2DG08","train","data\raw\res\2DG\2DG08_cell_004"
"438","2DG08_cell_005","2DG","2DG08","train","data\raw\res\2DG\2DG08_cell_005"
"439","2DG08_cell_006","2DG","2DG08","train","data\raw\res\2DG\2DG08_cell_006"
"440","2DG08_cell_007","2DG","2DG08","train","data\raw\res\2DG\2DG08_cell_007"
"441","2DG08_cell_008","2DG","2DG08","train","data\raw\res\2DG\2DG08_cell_008"
"442","2DG08_cell_009","2DG","2DG08","train","data\raw\res\2DG\2DG08_cell_009"
"443","2DG08_cell_010","2DG","2DG08","train","data\raw\res\2DG\2DG08_cell_010"
"444","2DG08_cell_011","2DG","2DG08","train","data\raw\res\2DG\2DG08_cell_011"
"445","2DG08_cell_012","2DG","2DG08","train","data\raw\res\2DG\2DG08_cell_012"
"446","2DG08_cell_013","2DG","2DG08","train","data\raw\res\2DG\2DG08_cell_013"
"447","2DG08_cell_014","2DG","2DG08","train","data\raw\res\2DG\2DG08_cell_014"
"448","2DG08_cell_015","2DG","2DG08","train","data\raw\res\2DG\2DG08_cell_015"
"449","2DG08_cell_016","2DG","2DG08","train","data\raw\res\2DG\2DG08_cell_016"
"450","2DG08_cell_017","2DG","2DG08","train","data\raw\res\2DG\2DG08_cell_017"
"451","2DG08_cell_018","2DG","2DG08","train","data\raw\res\2DG\2DG08_cell_018"
"452","2DG08_cell_019","2DG","2DG08","train","data\raw\res\2DG\2DG08_cell_019"
"453","2DG08_cell_020","2DG","2DG08","train","data\raw\res\2DG\2DG08_cell_020"
"454","2DG08_cell_021","2DG","2DG08","train","data\raw\res\2DG\2DG08_cell_021"
"455","2DG08_cell_022","2DG","2DG08","train","data\raw\res\2DG\2DG08_cell_022"
"456","2DG08_cell_023","2DG","2DG08","train","data\raw\res\2DG\2DG08_cell_023"
"457","2DG08_cell_024","2DG","2DG08","train","data\raw\res\2DG\2DG08_cell_024"
"458","2DG09_cell_001","2DG","2DG09","val","data\raw\res\2DG\2DG09_cell_001"
"459","2DG09_cell_002","2DG","2DG09","val","data\raw\res\2DG\2DG09_cell_002"
"460","2DG09_cell_003","2DG","2DG09","val","data\raw\res\2DG\2DG09_cell_003"
"461","2DG09_cell_004","2DG","2DG09","val","data\raw\res\2DG\2DG09_cell_004"
"462","2DG09_cell_005","2DG","2DG09","val","data\raw\res\2DG\2DG09_cell_005"
"463","2DG09_cell_006","2DG","2DG09","val","data\raw\res\2DG\2DG09_cell_006"
"464","2DG09_cell_007","2DG","2DG09","val","data\raw\res\2DG\2DG09_cell_007"
"465","2DG09_cell_008","2DG","2DG09","val","data\raw\res\2DG\2DG09_cell_008"
"466","2DG09_cell_009","2DG","2DG09","val","data\raw\res\2DG\2DG09_cell_009"
"467","2DG09_cell_010","2DG","2DG09","val","data\raw\res\2DG\2DG09_cell_010"
"468","2DG09_cell_011","2DG","2DG09","val","data\raw\res\2DG\2DG09_cell_011"
"469","2DG09_cell_012","2DG","2DG09","val","data\raw\res\2DG\2DG09_cell_012"
"470","2DG10_cell_001","2DG","2DG10","val","data\raw\res\2DG\2DG10_cell_001"
"471","2DG10_cell_002","2DG","2DG10","val","data\raw\res\2DG\2DG10_cell_002"
"472","2DG10_cell_003","2DG","2DG10","val","data\raw\res\2DG\2DG10_cell_003"
"473","2DG10_cell_004","2DG","2DG10","val","data\raw\res\2DG\2DG10_cell_004"
"474","2DG10_cell_005","2DG","2DG10","val","data\raw\res\2DG\2DG10_cell_005"
"475","2DG10_cell_006","2DG","2DG10","val","data\raw\res\2DG\2DG10_cell_006"
"476","2DG10_cell_007","2DG","2DG10","val","data\raw\res\2DG\2DG10_cell_007"
"477","2DG10_cell_008","2DG","2DG10","val","data\raw\res\2DG\2DG10_cell_008"
"478","2DG10_cell_009","2DG","2DG10","val","data\raw\res\2DG\2DG10_cell_009"
"479","2DG10_cell_010","2DG","2DG10","val","data\raw\res\2DG\2DG10_cell_010"
"480","2DG10_cell_011","2DG","2DG10","val","data\raw\res\2DG\2DG10_cell_011"
"481","2DG10_cell_012","2DG","2DG10","val","data\raw\res\2DG\2DG10_cell_012"
"482","2DG10_cell_013","2DG","2DG10","val","data\raw\res\2DG\2DG10_cell_013"
"483","2DG10_cell_014","2DG","2DG10","val","data\raw\res\2DG\2DG10_cell_014"
"484","2DG10_cell_015","2DG","2DG10","val","data\raw\res\2DG\2DG10_cell_015"
"485","2DG10_cell_016","2DG","2DG10","val","data\raw\res\2DG\2DG10_cell_016"
"486","2DG10_cell_017","2DG","2DG10","val","data\raw\res\2DG\2DG10_cell_017"
"487","2DG11_cell_001","2DG","2DG11","train","data\raw\res\2DG\2DG11_cell_001"
"488","2DG11_cell_002","2DG","2DG11","train","data\raw\res\2DG\2DG11_cell_002"
"489","2DG11_cell_003","2DG","2DG11","train","data\raw\res\2DG\2DG11_cell_003"
"490","2DG11_cell_004","2DG","2DG11","train","data\raw\res\2DG\2DG11_cell_004"
"491","2DG11_cell_005","2DG","2DG11","train","data\raw\res\2DG\2DG11_cell_005"
"492","2DG11_cell_006","2DG","2DG11","train","data\raw\res\2DG\2DG11_cell_006"
"493","2DG11_cell_007","2DG","2DG11","train","data\raw\res\2DG\2DG11_cell_007"
"494","2DG11_cell_008","2DG","2DG11","train","data\raw\res\2DG\2DG11_cell_008"
"495","2DG11_cell_009","2DG","2DG11","train","data\raw\res\2DG\2DG11_cell_009"
"496","2DG11_cell_010","2DG","2DG11","train","data\raw\res\2DG\2DG11_cell_010"
"497","2DG11_cell_011","2DG","2DG11","train","data\raw\res\2DG\2DG11_cell_011"
"498","2DG11_cell_012","2DG","2DG11","train","data\raw\res\2DG\2DG11_cell_012"
"499","2DG11_cell_013","2DG","2DG11","train","data\raw\res\2DG\2DG11_cell_013"
"500","2DG11_cell_014","2DG","2DG11","train","data\raw\res\2DG\2DG11_cell_014"
"501","2DG11_cell_015","2DG","2DG11","train","data\raw\res\2DG\2DG11_cell_015"
